Input size,Space,Time
20,445.1875,0.6142361164093018
40,445.21875,0.5940849781036377
60,445.4375,0.6007559299468994
80,445.546875,0.6018931865692139
100,445.640625,0.6113810539245605
120,446.09375,0.7059621810913086
140,446.34375,0.6572878360748291
160,446.375,0.6700210571289062
180,446.390625,0.678678035736084
200,447.046875,0.6739168167114258
