Metrics,Space,Time
Statistic,17.752741048517994,5.744451881989359
p-value,2.59087916630951e-08,0.00027823485295741545
