Variable,Precision,Recall,F1-Score
n,31.0,31.0,31.0
d,0.01770027129832451,0.019086021505376336,0.019955481705204437
Sd,0.04992747567193706,0.062033203041354346,0.03329307825186446
