Variable,Space,Time
T-statistic,17.752741048517994,5.744451881989359
n,10.0,10.0
d,558.6171875,378.5154471874237
Critical value,-1.833,-1.833
Sd,99.50590997691646,208.36991365917953
