Metrics,Precision,Recall,F1-Score
Statistic,1.9738818840910721,1.713057929557488,3.337252837986574
p-value,0.05766640556229509,0.09702011037519158,0.0022677388675891503
