Input size,Space,Time
20,999.78125,69.19685673713684
40,1043.421875,136.10218501091003
60,1212.65625,203.08174419403076
80,1119.171875,272.1506209373474
100,973.1875,358.6802501678467
120,942.59375,416.4200191497803
140,976.65625,480.86947202682495
160,937.84375,548.8130149841309
180,864.453125,619.7674508094788
200,975.6875,686.4810750484467
